
{
    "region" : "us-east-1",
    "configuration" : "Release",
    "framework"     : "netcoreapp3.1",
    "self-contained" : false,
    "application"    : "For Dr. S",
    "environment"    : "Fordrs-env",
    "enable-xray"    : false,
    "enhanced-health-type" : "enhanced",
    "additional-options"   : "",
    "proxy-server"         : "nginx",
    "solution-stack"       : "64bit Amazon Linux 2 v2.1.3 running .NET Core",
    "environment-type"     : "SingleInstance",
    "cname"                : "bookwebsiteskillcheck",
    "instance-type"        : "t3a.medium",
    "key-pair"             : "",
    "instance-profile"     : "aws-elasticbeanstalk-ec2-role",
    "service-role"         : "aws-elasticbeanstalk-service-role"
}